id,titulo,categoria,tipo_contratacao,palavras_chave,causa,consequencia,probabilidade_padrao,impacto_padrao,acao_preventiva,acao_contingencia,responsavel_sugerido,titulo_en,causa_en,consequencia_en,acao_preventiva_en,acao_contingencia_en,responsavel_sugerido_en,palavras_chave_en
R001,Especificacao tecnica insuficiente,planejamento,aquisicao;servico;software,termo de referencia;especificacao;requisitos;objeto,Levantamento incompleto das necessidades da area demandante,Contratacao de solucao inadequada ou necessidade de aditivos,3-Média,4-Alto,Validar requisitos com areas usuarias e equipe tecnica antes da aprovacao do termo de referencia,Revisar especificacoes e submeter ajuste formal ao planejamento da contratacao,Area demandante e equipe tecnica,Insufficient technical specification,Incomplete survey of the requesting unit's needs,Procurement of an inadequate solution or need for contract amendments,Validate requirements with user units and the technical team before the Terms of Reference (Termo de Referência) is approved,Revise the specifications and submit a formal adjustment to procurement planning,Requesting unit and technical team,terms of reference;specification;requirements;scope
R002,Estimativa de preco inconsistente,planejamento,aquisicao;servico;software,valor estimado;pesquisa de precos;orcamento,Pesquisa de precos insuficiente ou sem comparabilidade,Preco estimado inadequado e risco de fracasso ou sobrepreco,3-Média,4-Alto,Usar fontes diversificadas e justificar criterios de comparabilidade,Refazer pesquisa de precos e ajustar estimativa antes da fase externa,Equipe de planejamento,Inconsistent price estimate,Insufficient or non-comparable market price survey,Inadequate estimated price and risk of a failed tender or overpricing,Use diverse price sources and justify the comparability criteria,Redo the price survey and adjust the estimate before the external (tendering) phase,Planning team,estimated value;price survey;budget
R003,Indisponibilidade de fornecedores qualificados,selecao,aquisicao;servico,mercado;fornecedor;competitividade,Restricao excessiva de requisitos ou mercado reduzido,Baixa competitividade ou licitacao deserta,3-Média,3-Médio,Realizar analise de mercado e revisar exigencias restritivas,Reavaliar estrategia de contratacao e republicar com ajustes,Equipe de planejamento,Unavailability of qualified suppliers,Overly restrictive requirements or a small market,Low competition or a tender with no bids (licitação deserta),Conduct a market analysis and review restrictive requirements,Reassess the procurement strategy and republish with adjustments,Planning team,market;supplier;competition
R004,Atraso na entrega ou implantacao,cronograma,aquisicao;servico;software,prazo;cronograma;implantacao;entrega,Cronograma subestimado ou dependencia de terceiros,Atraso no atendimento da necessidade institucional,3-Média,4-Alto,Definir cronograma realista e marcos de acompanhamento,Aplicar medidas contratuais e plano de transicao operacional,Gestor do contrato,Delay in delivery or deployment,Underestimated schedule or dependence on third parties,Delay in meeting the institutional need,Define a realistic schedule with monitoring milestones,Apply contractual measures and an operational transition plan,Contract manager,deadline;schedule;deployment;delivery
R005,Falha na aceitacao tecnica,gestao,aquisicao;software,aceitacao;homologacao;teste;qualidade,Criterios de aceite incompletos ou testes insuficientes,Recebimento de produto ou servico em desconformidade,3-Média,4-Alto,Definir criterios objetivos de aceite e roteiro de homologacao,Registrar nao conformidade e exigir correcao ou substituicao,Fiscal tecnico,Technical acceptance failure,Incomplete acceptance criteria or insufficient testing,Receipt of a non-compliant product or service,Define objective acceptance criteria and a validation (homologation) test script,Record the non-conformity and require correction or replacement,Technical contract inspector,acceptance;homologation;testing;quality
R006,Risco de seguranca da informacao,solucao,software;servico,seguranca;dados;privacidade;acesso;lgpd,Controles de seguranca nao especificados ou mal avaliados,Exposicao de dados ou vulnerabilidade institucional,3-Média,4-Alto,Incluir requisitos de seguranca e conformidade no planejamento,Acionar resposta a incidente e revisar controles contratuais,Seguranca da informacao,Information security risk,Security controls not specified or poorly assessed,Data exposure or institutional vulnerability,Include security and compliance requirements in the planning phase,Trigger incident response and review contractual controls,Information security team,security;data;privacy;access;lgpd
R007,Dependencia excessiva do fornecedor,gestao,software;servico,suporte;manutencao;vendor lock-in;dependencia,Ausencia de estrategia de transicao ou documentacao tecnica,Dificuldade de continuidade ou substituicao da solucao,3-Média,3-Médio,Exigir documentacao tecnica transferencia de conhecimento e padroes abertos,Preparar plano de transicao e transferencia para outro fornecedor,Gestor do contrato,Excessive dependence on the supplier,No transition strategy or technical documentation,Difficulty ensuring continuity or replacing the solution,"Require technical documentation, knowledge transfer and open standards",Prepare a transition plan and hand-over to another supplier,Contract manager,support;maintenance;vendor lock-in;dependence
R008,Capacidade operacional insuficiente da area demandante,planejamento,servico;software,equipe;gestao;operacao;capacidade,Falta de equipe interna para acompanhar implantacao ou operacao,Baixa efetividade da contratacao mesmo com entrega adequada,2-Baixa,3-Médio,Confirmar disponibilidade de equipe e responsabilidades antes da contratacao,Repriorizar atividades e solicitar apoio temporario de areas correlatas,Area demandante,Insufficient operational capacity of the requesting unit,Lack of internal staff to follow up deployment or operation,Low effectiveness of the procurement even when delivery is adequate,Confirm staff availability and responsibilities before contracting,Reprioritize activities and request temporary support from related units,Requesting unit,team;management;operation;capacity
R009,Estabelecimento de requisitos que limitem a competição,planejamento,aquisicao;servico;software,requisitos;competitividade;restricao;edital;impugnacao,Definição de requisitos técnicos sem justificativa suficiente ou com baixa aderência ao mercado,"Questionamentos de fornecedores, impugnações, atraso no processo e contratação com custo superior ao planejado",2-Baixa,4-Alto,"Justificar tecnicamente cada requisito restritivo e envolver área demandante, equipe técnica e mercado na etapa de planejamento","Revisar requisitos impugnados, reforçar justificativas técnicas e republicar os artefatos quando necessário",Equipe de planejamento,Requirements that restrict competition,Technical requirements defined without sufficient justification or poorly aligned with the market,"Supplier questions, bid challenges (impugnações), process delays and a contract costing more than planned","Technically justify each restrictive requirement and involve the requesting unit, the technical team and the market during planning","Review the challenged requirements, strengthen the technical justifications and republish the documents when necessary",Planning team,requirements;competition;restriction;tender notice;bid challenge
R010,Definição inadequada de quantidades ou requisitos da contratação,planejamento,aquisicao;servico;software,quantidade;volumetria;memoria de calculo;requisitos;dimensionamento,"Memória de cálculo incompleta, estimativa de demanda imprecisa ou requisitos funcionais mal dimensionados","Quantidade insuficiente, desperdício de recursos, necessidade de aditivos ou nova contratação",3-Média,4-Alto,"Documentar método de cálculo, validar volumetria com a área demandante e registrar premissas no Estudo Técnico","Avaliar aditivo, remanejamento de saldo ou nova contratação para recomposição da demanda",Equipe de planejamento,Inadequate definition of procurement quantities or requirements,"Incomplete calculation record, inaccurate demand estimate or poorly sized functional requirements","Insufficient quantity, waste of resources, need for contract amendments or a new procurement","Document the calculation method, validate volumes with the requesting unit and record assumptions in the Preliminary Technical Study (ETP)","Assess a contract amendment, reallocation of balances or a new procurement to cover the demand",Planning team,quantity;volume;calculation record;requirements;sizing
R011,Quantidade demandada de subscrições insuficiente,planejamento,software;servico,subscricao;licenca;microsoft;office;copilot;quantidade,"Dimensionamento de subscrições inferior ao quantitativo de usuários, cedidos, terceirizados ou novos empregados",Falta de subscrições para atender às demandas institucionais e necessidade de aditivo ou nova contratação,3-Média,4-Alto,"Definir volumetria com base no QLP, perfis de usuários, contratos vigentes e margem para demandas eventuais",Solicitar aditivo ou iniciar contratação complementar para atendimento da demanda não coberta,DETC,Insufficient number of subscriptions requested,"Subscriptions sized below the number of users, seconded staff, contractors or new employees",Lack of subscriptions to meet institutional demand and need for an amendment or a new procurement,"Define volumes based on the headcount plan (QLP), user profiles, current contracts and a margin for occasional demand",Request an amendment or start a complementary procurement to meet the uncovered demand,DETC,subscription;license;microsoft;office;copilot;quantity
R012,Definição inadequada do período de vigência do suporte ou subscrição,planejamento,software;servico,vigencia;suporte;subscricao;prazo;licenciamento,"Período contratual incompatível com o ciclo de uso, suporte ou renovação das subscrições",Vigência insuficiente para atender à demanda e risco de descontinuidade do serviço,2-Baixa,3-Médio,"Justificar o período de vigência com base em práticas de mercado, ciclo de suporte e necessidade institucional","Avaliar aditivo, prorrogação ou nova contratação antes do fim da vigência",DETC,Inadequate definition of the support or subscription term,"Contract term incompatible with the usage, support or renewal cycle of the subscriptions",Term insufficient to meet demand and risk of service discontinuity,"Justify the contract term based on market practice, the support cycle and institutional needs","Assess an amendment, extension or new procurement before the term ends",DETC,contract term;support;subscription;deadline;licensing
R013,Pedidos de esclarecimento que alterem o edital após a publicação,cronograma,aquisicao;servico;software,esclarecimento;edital;republicacao;fornecedor;prazo,Baixa clareza dos requisitos ou inconsistências nos artefatos publicados,"Atraso na contratação, republicação do edital e aumento de retrabalho administrativo",3-Média,3-Médio,Revisar previamente os artefatos e considerar contribuições dos fornecedores durante o planejamento,Republicar o edital com os ajustes necessários e recalibrar o cronograma da contratação,Equipe de planejamento,Clarification requests that change the tender notice after publication,Unclear requirements or inconsistencies in the published documents,"Procurement delay, republication of the tender notice and more administrative rework",Review the documents beforehand and consider supplier input during planning,Republish the tender notice with the necessary adjustments and recalibrate the procurement schedule,Planning team,clarification;tender notice;republication;supplier;deadline
R014,Ocorrência de impugnação ou recurso interposto por fornecedor,cronograma,aquisicao;servico;software,impugnacao;recurso;edital;licitacao;cronograma,"Exigências editalícias questionáveis, justificativas frágeis ou inconsistências de especificação","Suspensão ou atraso do certame, necessidade de ajustes e retrabalho no processo de contratação",3-Média,4-Alto,Fortalecer justificativas técnicas e submeter os artefatos à avaliação de conformidade e jurídica,"Responder tempestivamente, ajustar o edital quando cabível e atualizar o cronograma",Equipe de planejamento,Bid challenge or appeal filed by a supplier,"Questionable tender requirements, weak justifications or specification inconsistencies","Suspension or delay of the tender, need for adjustments and rework in the procurement process",Strengthen technical justifications and submit the documents for compliance and legal review,"Respond in a timely manner, adjust the tender notice when appropriate and update the schedule",Planning team,bid challenge;appeal;tender notice;tender;schedule
R015,Contratação de fornecedor sem capacidade para executar o contrato,selecao,aquisicao;servico;software,capacidade tecnica;atestados;habilitacao;fornecedor;execucao,Critérios de habilitação insuficientes ou análise inadequada da capacidade técnica do licitante,"Cancelamento contratual, atraso no atendimento da demanda e baixa qualidade do objeto contratado",2-Baixa,4-Alto,"Exigir atestados compatíveis, qualificação técnica e análise criteriosa da documentação de habilitação","Convocar próximo licitante, acionar garantias contratuais ou iniciar nova licitação",Equipe de planejamento e área técnica,Contracting a supplier unable to perform the contract,Insufficient qualification criteria or inadequate analysis of the bidder's technical capacity,"Contract termination, delay in meeting demand and low quality of the contracted object","Require compatible capability certificates (atestados), technical qualification and a careful review of qualification documents","Call the next bidder, enforce contractual guarantees or start a new tender",Planning team and technical unit,technical capacity;capability certificates;qualification;supplier;performance
R016,Interrupção dos serviços pela contratada,selecao,servico;software,interrupcao;continuidade;fornecedor;servico;subscricao,"Fragilidade financeira, operacional ou contratual da empresa fornecedora","Não fornecimento do objeto, descumprimento de cláusulas e interrupção de serviços dependentes",2-Baixa,4-Alto,Detalhar obrigações no edital e verificar habilitação da licitante vencedora após o certame,"Convocar outra licitante, aplicar sanções e executar plano de continuidade",Gestor do contrato,Service interruption by the contractor,"Financial, operational or contractual weakness of the supplier","Non-delivery of the object, breach of clauses and interruption of dependent services",Detail obligations in the tender notice and verify the winning bidder's qualification after the tender,"Call another bidder, apply sanctions and execute the continuity plan",Contract manager,interruption;continuity;supplier;service;subscription
R017,Contratada ficar impossibilitada de prestar o serviço,gestao,servico;software,falencia;crise;indisponibilidade;continuidade;fornecedor,"Falência, crise operacional, perda de condições contratuais ou incapacidade superveniente da contratada","Comprometimento da capacidade operacional, descumprimento contratual e interrupção dos serviços",2-Baixa,4-Alto,"Incluir cláusulas de nível de serviço, garantia contratual e mecanismos de acompanhamento da capacidade da contratada","Informar a gestão administrativa, buscar alternativas de mercado e realizar nova contratação substitutiva",Gestor do contrato,Contractor becomes unable to provide the service,"Bankruptcy, operational crisis, loss of contractual conditions or supervening incapacity of the contractor","Compromised operational capacity, breach of contract and service interruption","Include service level clauses, a contract performance guarantee and mechanisms to monitor the contractor's capacity","Inform administrative management, seek market alternatives and carry out a replacement procurement",Contract manager,bankruptcy;crisis;unavailability;continuity;supplier
R018,Contratada deixar de atender condições técnicas durante a vigência,gestao,aquisicao;servico;software,condicoes tecnicas;certidoes;certificacoes;vigencia;habilitacao,"Perda de certificações, atestados, autorizações ou condições técnicas exigidas na contratação",Não atendimento aos requisitos originais e impossibilidade de receber suporte ou serviço adequado,2-Baixa,4-Alto,"Fiscalizar periodicamente documentações, certidões e certificações exigidas no contrato","Comunicar pendências, notificar a contratada e encaminhar apuração de inexecução contratual",Fiscal técnico,Contractor stops meeting technical conditions during the contract term,"Loss of certifications, capability certificates, authorizations or technical conditions required in the procurement",Failure to meet the original requirements and inability to receive adequate support or service,"Periodically check the documents, clearance certificates and certifications required by the contract","Report pending issues, notify the contractor and refer the case for investigation of contract non-performance",Technical contract inspector,technical conditions;clearance certificates;certifications;contract term;qualification
R019,Não execução contratual,gestao,aquisicao;servico;software,inexecucao;entrega;contrato;sancao;fornecedor,"Descumprimento de obrigações contratuais, falhas de execução ou indisponibilidade do fornecedor","Atraso na entrega, não fornecimento do objeto e necessidade de aplicação de sanções",2-Baixa,4-Alto,"Definir obrigações, prazos, critérios de aceite e sanções de forma objetiva no Termo de Referência","Aplicar sanções, acionar garantia contratual e avaliar substituição do fornecedor",Gestor do contrato,Contract non-performance,"Breach of contractual obligations, performance failures or supplier unavailability","Delivery delay, non-delivery of the object and need to apply sanctions","Define obligations, deadlines, acceptance criteria and sanctions objectively in the Terms of Reference (Termo de Referência)","Apply sanctions, enforce the contract guarantee and assess replacing the supplier",Contract manager,non-performance;delivery;contract;sanction;supplier
R020,Dados inconsistentes ou imprecisos repassados ao fornecedor,gestao,aquisicao;servico;software,dados;cadastro;informacoes;inconsistencia;fornecedor,"Informações cadastrais, quantitativas ou técnicas repassadas sem verificação prévia","Atraso na entrega, custos adicionais de correção e retrabalho pós-entrega",3-Média,3-Médio,Estabelecer procedimento de verificação de dados antes do envio ao fornecedor,Manter equipe de revisão para corrigir inconsistências e reenviar dados validados,Área demandante e fiscal técnico,Inconsistent or inaccurate data sent to the supplier,"Registration, quantity or technical information sent without prior verification","Delivery delay, additional correction costs and post-delivery rework",Establish a data verification procedure before sending data to the supplier,Keep a review team to correct inconsistencies and resend validated data,Requesting unit and technical contract inspector,data;registration;information;inconsistency;supplier
R021,Contratada não aceitar prorrogar o contrato,gestao,aquisicao;servico;software,prorrogacao;vigencia;continuidade;contrato;fornecedor,"Desinteresse da contratada, perda de condição de habilitação ou inviabilidade econômica de prorrogação","Não continuidade do serviço, perda de suporte e necessidade de nova contratação emergencial ou ordinária",2-Baixa,4-Alto,Planejar a prorrogação em tempo hábil e consultar formalmente a contratada antes do término da vigência,Iniciar procedimento de nova contratação ou transição contratual,Gestor do contrato,Contractor declines to extend the contract,"Lack of interest by the contractor, loss of qualification or economic unfeasibility of the extension","Service discontinuity, loss of support and need for a new emergency or regular procurement",Plan the extension in good time and formally consult the contractor before the term ends,Start a new procurement or a contract transition,Contract manager,extension;contract term;continuity;contract;supplier
R022,Serviço prestado de forma tecnicamente insatisfatória,gestao,servico;software,suporte;qualidade;sla;execucao;servico,"Falha de comunicação, baixa maturidade técnica da contratada ou execução abaixo dos níveis esperados","Queda na qualidade, descumprimento de cláusulas e possível interrupção do serviço",3-Média,4-Alto,Realizar reuniões de qualidade e comunicar formalmente os níveis de qualidade esperados,"Notificar a contratada, exigir correção e encaminhar apuração de inexecução contratual",Fiscal técnico,Technically unsatisfactory service delivery,"Communication failure, low technical maturity of the contractor or performance below expected levels","Lower quality, breach of clauses and possible service interruption",Hold quality meetings and formally communicate the expected quality levels,"Notify the contractor, require correction and refer the case for investigation of contract non-performance",Technical contract inspector,support;quality;sla;performance;service
R023,Fiscalização contratual além da capacidade da equipe,gestao,aquisicao;servico;software,fiscalizacao;capacidade;equipe;ateste;contrato,"Acúmulo de contratos, ausências não programadas ou equipe insuficiente para fiscalização","Sobrecarga de fiscais, atestes incorretos, pagamentos indevidos e atrasos na gestão contratual",3-Média,4-Alto,Avaliar capacidade operacional de fiscalização antes da assinatura do contrato,"Redistribuir atividades, capacitar fiscais e solicitar reforço temporário de equipe",Gestor do contrato,Contract oversight beyond the team's capacity,"Accumulation of contracts, unplanned absences or insufficient staff for oversight","Overloaded inspectors, incorrect invoice certifications (atestes), undue payments and delays in contract management",Assess the operational oversight capacity before the contract is signed,"Redistribute activities, train inspectors and request temporary staff reinforcement",Contract manager,oversight;capacity;team;invoice certification;contract
R024,Baixa qualidade na execução contratual,gestao,aquisicao;servico;software,qualidade;execucao;contrato;sla;servico,"Ausência de controles de qualidade, indicadores insuficientes ou baixa aderência da contratada aos requisitos","Sobrecarga das equipes internas, interrupções frequentes e percepção de baixa qualidade do serviço",3-Média,4-Alto,"Definir indicadores de qualidade, critérios de aceite e rotina de acompanhamento da execução","Identificar causas das falhas, exigir plano de correção e aplicar sanções quando cabível",Fiscal técnico,Low quality of contract performance,"Lack of quality controls, insufficient indicators or poor adherence of the contractor to requirements","Overloaded internal teams, frequent interruptions and perception of low service quality","Define quality indicators, acceptance criteria and a routine for monitoring performance","Identify the causes of failures, require a corrective plan and apply sanctions when appropriate",Technical contract inspector,quality;performance;contract;sla;service
R025,Falta de compatibilidade com sistemas ou equipamentos existentes,solucao,aquisicao;servico;software,compatibilidade;integracao;sistemas;equipamentos;homologacao,Especificação sem validação de interoperabilidade com o ambiente tecnológico existente,"Problemas de uso da solução, falhas de integração e necessidade de substituição ou ajustes técnicos",3-Média,4-Alto,Especificar compatibilidade com o ambiente da DATAPREV e homologar a solução antes do aceite definitivo,"Executar testes de compatibilidade, exigir correção ou substituir componentes incompatíveis",Equipe técnica,Incompatibility with existing systems or equipment,Specification without interoperability validation against the existing technology environment,"Problems using the solution, integration failures and need for replacement or technical adjustments",Specify compatibility with the DATAPREV environment and validate (homologate) the solution before final acceptance,"Run compatibility tests, require correction or replace incompatible components",Technical team,compatibility;integration;systems;equipment;homologation
R026,Obsolescência total ou parcial da solução,solucao,aquisicao;servico;software,obsolescencia;eol;eosl;suporte;atualizacao;ciclo de vida,"Aquisição de componente próximo do fim de vida, sem suporte ou com baixa perspectiva de atualização","Perda de suporte, perda de funcionalidades e substituição antes do período planejado",2-Baixa,4-Alto,Exigir ausência de aviso de descontinuidade durante a vigência e avaliar ciclo de vida do fabricante,"Planejar substituição, migração ou nova contratação para componente obsoleto",Equipe técnica,Total or partial obsolescence of the solution,"Purchase of a component near end of life, without support or with poor prospects of updates","Loss of support, loss of functionality and replacement before the planned period",Require that no end-of-life notice be issued during the contract term and assess the manufacturer's life cycle,"Plan replacement, migration or a new procurement for the obsolete component",Technical team,obsolescence;eol;eosl;support;update;life cycle
R027,Mudança intempestiva de escopo da solução,cronograma,aquisicao;servico;software,escopo;mudanca;artefatos;replanejamento;solucao,"Alteração tardia de requisitos, dependências externas ou mudança de prioridade institucional","Atraso no processo, readequação de artefatos técnicos e possível necessidade de nova contratação",3-Média,3-Médio,Identificar processos relacionados e congelar escopo mínimo antes da fase externa,"Manter solução vigente, replanejar artefatos e submeter alterações à governança da contratação",Equipe de planejamento,Untimely change in solution scope,"Late change in requirements, external dependencies or change in institutional priorities","Process delay, rework of technical documents and possible need for a new procurement",Identify related processes and freeze a minimum scope before the external (tendering) phase,"Keep the current solution, replan the documents and submit changes to procurement governance",Planning team,scope;change;procurement documents;replanning;solution
R028,Contratação não ocorrer no prazo estimado,cronograma,aquisicao;servico;software,prazo;contratacao;cronograma;licitacao;planejamento,"Subestimação do prazo das etapas internas, análise jurídica, conformidade ou fase externa",Atraso na implementação da solução e risco de descontinuidade de serviços ou insumos,3-Média,4-Alto,Definir cronograma realista com marcos de acompanhamento e responsáveis por etapa,"Repriorizar etapas críticas, ajustar cronograma e adotar medidas de transição temporária",Equipe de planejamento,Procurement not completed within the estimated time,"Underestimated time for internal stages, legal review, compliance or the external (tendering) phase",Delay in implementing the solution and risk of discontinuity of services or supplies,Define a realistic schedule with monitoring milestones and owners for each stage,"Reprioritize critical stages, adjust the schedule and adopt temporary transition measures",Planning team,deadline;procurement;schedule;tender;planning
R029,Atraso na execução do cronograma técnico contratual,cronograma,aquisicao;servico;software,cronograma tecnico;implantacao;servicos;ordem de servico;prazos,"Dependências técnicas, atrasos da contratada ou baixa coordenação entre equipes internas e fornecedor","Atraso na implantação, impacto operacional e postergação dos benefícios esperados",3-Média,4-Alto,"Definir plano de trabalho com marcos técnicos, responsáveis e critérios de aceite por etapa","Realizar comitês de acompanhamento, exigir plano de recuperação e aplicar sanções se necessário",Gestor do contrato,Delay in the contract's technical schedule,"Technical dependencies, contractor delays or poor coordination between internal teams and the supplier","Deployment delay, operational impact and postponement of the expected benefits","Define a work plan with technical milestones, owners and acceptance criteria for each stage","Hold follow-up committees, require a recovery plan and apply sanctions if necessary",Contract manager,technical schedule;deployment;services;work order;deadlines
R030,Entrega do objeto não ocorrer no prazo estimado,cronograma,aquisicao;servico;software,entrega;prazo;fornecedor;objeto;atraso,"Prazo contratual inadequado, indisponibilidade de estoque ou falha logística do fornecedor",Atraso na entrega dos objetos e comprometimento do atendimento da necessidade institucional,3-Média,3-Médio,Estabelecer prazos contratuais objetivos e acompanhar periodicamente o progresso da entrega,"Aplicar sanções, acionar garantias e avaliar alternativas de fornecimento",Gestor do contrato,Delivery of the object not completed within the estimated time,"Inadequate contractual deadline, stock unavailability or supplier logistics failure",Delay in delivering the objects and compromised fulfillment of the institutional need,Set objective contractual deadlines and periodically monitor delivery progress,"Apply sanctions, enforce guarantees and assess alternative sources of supply",Contract manager,delivery;deadline;supplier;object;delay
R031,Quantidade demandada de certificados ou tokens insuficiente,planejamento,aquisicao;servico,certificado;token;quantidade;demanda;assinatura digital,Estimativa de certificados e tokens inferior à demanda real das áreas usuárias,Falta de certificados e tokens para atender às demandas institucionais,3-Média,4-Alto,Acompanhar o processo de aquisição e validar demanda com as áreas usuárias,Solicitar aditivo ou nova contratação complementar para atendimento da demanda,DETC,Insufficient number of certificates or tokens requested,Estimate of certificates and tokens below the actual demand of user units,Lack of certificates and tokens to meet institutional demand,Follow the acquisition process and validate demand with the user units,Request an amendment or a new complementary procurement to meet the demand,DETC,certificate;token;quantity;demand;digital signature
R032,Problemas na emissão de certificados por dados incorretos,gestao,aquisicao;servico,certificado;dados;emissao;cadastro;token,Dados cadastrais inconsistentes ou imprecisos repassados ao fornecedor de certificação,Atraso na entrega do objeto e problemas na emissão de certificados,3-Média,4-Alto,Verificar dados cadastrais antes do envio ao fornecedor e manter base atualizada,Corrigir inconsistências com equipe dedicada e reenviar dados validados ao fornecedor,DETC,Problems issuing certificates due to incorrect data,Inconsistent or inaccurate registration data sent to the certification supplier,Delivery delay and problems issuing certificates,Verify registration data before sending it to the supplier and keep the database up to date,Correct inconsistencies with a dedicated team and resend validated data to the supplier,DETC,certificate;data;issuance;registration;token
R033,Certificados incompatíveis com sistemas existentes,solucao,aquisicao;servico,certificado;compatibilidade;sistemas;token;homologacao,Especificação de certificado ou token sem validação plena com sistemas corporativos,Problemas na utilização dos certificados pelos usuários,3-Média,4-Alto,Especificar os objetos para garantir compatibilidade com as soluções corporativas e homologar antes do aceite,"Exigir correção, substituição ou ajuste de configuração para compatibilidade",Equipe técnica,Certificates incompatible with existing systems,Certificate or token specification not fully validated against corporate systems,Problems for users when using the certificates,Specify the objects to ensure compatibility with corporate solutions and validate (homologate) them before acceptance,"Require correction, replacement or configuration adjustments to ensure compatibility",Technical team,certificate;compatibility;systems;token;homologation
R034,Quantidade demandada de equipamentos do kit produtividade insuficiente,planejamento,aquisicao,kit produtividade;equipamentos;qlp;quantidade;estoque,"Estimativa inferior ao QLP, aos consumos anteriores ou à reposição necessária","Itens insuficientes para atender colaboradores, novos empregados e reposição de equipamentos desgastados",3-Média,4-Alto,"Dimensionar quantitativos com base no QLP, consumo histórico, inventário e necessidades de reposição",Revisar demanda periodicamente e avaliar aditivo ou nova contratação para itens insuficientes,DETC,Insufficient quantity of productivity kit equipment requested,"Estimate below the headcount plan (QLP), past consumption or required replacements","Insufficient items for staff, new employees and replacement of worn equipment","Size quantities based on the headcount plan (QLP), historical consumption, inventory and replacement needs",Review demand periodically and assess an amendment or new procurement for insufficient items,DETC,productivity kit;equipment;headcount plan;quantity;stock
R035,Desabastecimento por ausência de ata vigente,planejamento,aquisicao,ata;arp;vigencia;desabastecimento;kit produtividade,Término de atas de registro de preços ou consumo integral de saldos antes de nova contratação,Descontinuidade no fornecimento de itens de produtividade e comprometimento das operações,3-Média,4-Alto,Monitorar vigência e saldos das atas e iniciar novo processo antes do término de cobertura,"Priorizar itens críticos, remanejar estoques e abrir contratação substitutiva",Equipe de planejamento,Supply shortage due to lack of a valid price registration record,Expiry of price registration records (Atas de Registro de Preços) or full use of balances before a new procurement,Discontinued supply of productivity items and compromised operations,Monitor the validity and balances of price registration records and start a new process before coverage ends,"Prioritize critical items, reallocate stock and open a replacement procurement",Planning team,price registration record;arp;validity;shortage;productivity kit
R036,Incompatibilidade de acessórios com notebooks ou monitores,solucao,aquisicao,dockstation;replicador;adaptador;notebook;monitor;compatibilidade,"Aquisição de acessórios sem validação com modelos existentes de notebook, desktop ou monitor","Equipamentos não funcionais, devoluções, retrabalho e atraso na disponibilização aos usuários",3-Média,4-Alto,"Especificar compatibilidade por modelo, interface, dimensões e padrão de conexão","Realizar teste de amostra, substituir itens incompatíveis e revisar especificação",Equipe técnica,Accessories incompatible with notebooks or monitors,"Purchase of accessories without validation against existing notebook, desktop or monitor models","Non-functional equipment, returns, rework and delay in making items available to users","Specify compatibility by model, interface, dimensions and connection standard","Test samples, replace incompatible items and revise the specification",Technical team,docking station;port replicator;adapter;notebook;monitor;compatibility
R037,Filtro de privacidade incompatível com dimensão ou formato da tela,solucao,aquisicao,filtro de privacidade;tela;monitor;notebook;dimensao,Dimensionamento incorreto dos filtros em relação aos tamanhos de notebook e monitor existentes,"Proteção visual ineficaz, perda de recursos e necessidade de nova aquisição",3-Média,3-Médio,"Dimensionar filtros com base no inventário por polegada, formato e modelo de equipamento",Substituir filtros incompatíveis e ajustar a memória de cálculo por modelo,Equipe técnica,Privacy filter incompatible with screen size or format,Filters sized incorrectly relative to existing notebook and monitor sizes,"Ineffective visual protection, wasted resources and need for a new purchase","Size filters based on the inventory by screen size, format and equipment model",Replace incompatible filters and adjust the calculation record by model,Technical team,privacy filter;screen;monitor;notebook;size
R038,Exposição visual de informações confidenciais,solucao,aquisicao,privacidade;informacao sensivel;hackers visuais;tela;sigilo,Ausência ou uso inadequado de filtros de privacidade em ambientes compartilhados ou externos,Visualização indevida de informações corporativas e exposição de dados sensíveis,3-Média,4-Alto,Fornecer filtros de privacidade para equipamentos compatíveis e orientar usuários sobre uso em ambientes compartilhados,"Registrar incidente, reforçar controles e redistribuir filtros para áreas críticas",Segurança da informação,Visual exposure of confidential information,Lack or improper use of privacy filters in shared or external environments,Unauthorized viewing of corporate information and exposure of sensitive data,Provide privacy filters for compatible equipment and instruct users on use in shared environments,"Record the incident, reinforce controls and redistribute filters to critical areas",Information security team,privacy;sensitive information;visual hacking;screen;confidentiality
R039,Travas de segurança incompatíveis ou insuficientes,solucao,aquisicao,trava;slot kensington;patrimonio;notebook;seguranca,Especificação sem compatibilidade com os modelos de notebook ou quantitativo insuficiente,Falha na proteção patrimonial e impossibilidade de uso das travas adquiridas,3-Média,3-Médio,Especificar padrão de encaixe compatível e dimensionar quantidade por parque de notebooks,Substituir travas incompatíveis e priorizar distribuição para ambientes de maior exposição,DETC,Incompatible or insufficient security locks,Specification incompatible with notebook models or insufficient quantity,Failure to protect assets and inability to use the purchased locks,Specify a compatible lock slot standard and size the quantity to the notebook fleet,Replace incompatible locks and prioritize distribution to the most exposed environments,DETC,lock;kensington slot;assets;notebook;security
R040,Furto ou perda de ativos móveis,solucao,aquisicao,furto;perda;notebook;ativo;patrimonio,"Uso intensivo de notebooks em locais públicos, compartilhados ou sem monitoramento","Perda patrimonial, interrupção de atividades e possível exposição de dados corporativos",3-Média,4-Alto,"Adotar travas físicas, inventário atualizado e orientações de segurança patrimonial","Bloquear acessos, registrar ocorrência, repor equipamento e avaliar incidente de segurança",Gestor patrimonial e segurança da informação,Theft or loss of mobile assets,"Intensive use of notebooks in public, shared or unmonitored places","Asset loss, interruption of activities and possible exposure of corporate data","Adopt physical locks, an up-to-date inventory and asset security guidelines","Block access, file a report, replace the equipment and assess the security incident",Asset manager and information security team,theft;loss;notebook;asset;property
R041,Solução ergonômica inadequada ao posto de trabalho,solucao,aquisicao,ergonomia;nr17;suporte;mousepad;apoio de punho;saude ocupacional,"Itens ergonômicos inadequados, insuficientes ou incompatíveis com necessidades dos usuários","Desconforto, fadiga, risco de LER/DORT e redução da produtividade",3-Média,3-Médio,"Considerar recomendações de ergonomia, saúde ocupacional e pesquisa interna de usuários","Reavaliar itens, substituir acessórios inadequados e orientar configuração do posto de trabalho",Área demandante e saúde ocupacional,Ergonomic solution unsuitable for the workstation,"Ergonomic items that are inadequate, insufficient or incompatible with users' needs","Discomfort, fatigue, risk of repetitive strain injuries (LER/DORT) and reduced productivity",Consider ergonomics and occupational health recommendations and an internal user survey,"Reassess items, replace inadequate accessories and provide guidance on workstation setup",Requesting unit and occupational health,ergonomics;nr17;stand;mouse pad;wrist rest;occupational health
R042,Falha de conectividade de periféricos e adaptadores,solucao,aquisicao,conectividade;dockstation;replicador;hdmi;adaptador;teclado mouse,"Incompatibilidade, interferência, bateria ou limitação de portas e padrões de conexão","Interrupções nas atividades, perda de produtividade e aumento de chamados de suporte",3-Média,3-Médio,"Especificar padrões mínimos de conectividade, compatibilidade e desempenho dos periféricos","Substituir itens defeituosos, orientar uso e acionar garantia do fornecedor",Suporte técnico,Connectivity failure of peripherals and adapters,"Incompatibility, interference, battery issues or limited ports and connection standards","Interrupted activities, lost productivity and more support tickets","Specify minimum connectivity, compatibility and performance standards for peripherals","Replace defective items, provide usage guidance and claim the supplier's warranty",Technical support,connectivity;docking station;port replicator;hdmi;adapter;keyboard mouse
R043,Desgaste prematuro de acessórios de produtividade,gestao,aquisicao,desgaste;reposicao;garantia;perifericos;kit produtividade,"Uso contínuo de itens de consumo, baixa durabilidade ou ausência de garantia para determinados acessórios","Necessidade de reposição frequente, aumento de custos e indisponibilidade de itens aos usuários",3-Média,3-Médio,"Definir requisitos mínimos de qualidade, garantia quando aplicável e política de reposição",Repor itens críticos e recalibrar quantitativos em contratação futura,Gestor do contrato,Premature wear of productivity accessories,"Continuous use of consumable items, low durability or no warranty for certain accessories","Frequent replacement, higher costs and items unavailable to users","Define minimum quality requirements, warranty when applicable and a replacement policy",Replace critical items and recalibrate quantities in a future procurement,Contract manager,wear;replacement;warranty;peripherals;productivity kit
R044,Licenças NAC insuficientes para usuários e dispositivos,planejamento,software;servico,nac;licenca;dispositivo;qlp;visitante;rede,"Crescimento do QLP, visitantes, terceirizados ou múltiplos dispositivos acima da estimativa",Impossibilidade de controlar todos os acessos e necessidade de aquisição complementar,3-Média,5-Muito Alto,"Dimensionar licenças com base em QLP, estagiários, terceirizados, visitantes e multiplicador de dispositivos",Adquirir licenças adicionais e priorizar cobertura para dispositivos críticos,Equipe de rede,Insufficient NAC licenses for users and devices,"Growth in the headcount plan (QLP), visitors, contractors or multiple devices above the estimate",Inability to control all access and need for a complementary purchase,"Size licenses based on the headcount plan (QLP), interns, contractors, visitors and a device multiplier",Purchase additional licenses and prioritize coverage of critical devices,Network team,nac;license;device;headcount plan;visitor;network
R045,Controle de acesso à rede insuficiente,solucao,software;servico,nac;controle de acesso;seguranca;dispositivo nao autorizado;rede,"Ausência, expiração ou subdimensionamento de licenças e políticas de NAC","Conexão de dispositivos não autorizados, não conformes ou inseguros à rede corporativa",3-Média,5-Muito Alto,"Manter NAC licenciado, integrado ao MDM e com políticas de conformidade atualizadas","Bloquear acessos não conformes, revisar políticas e ampliar cobertura de licenças",Segurança da informação e equipe de rede,Insufficient network access control,"Missing, expired or undersized NAC licenses and policies","Unauthorized, non-compliant or insecure devices connecting to the corporate network","Keep NAC licensed, integrated with MDM and with up-to-date compliance policies","Block non-compliant access, review policies and expand license coverage",Information security team and network team,nac;access control;security;unauthorized device;network
R046,Falha de alta disponibilidade de controladoras ou NAC,solucao,aquisicao;software;servico,alta disponibilidade;controladora;wifi;nac;datacenter;redundancia,Implantação sem redundância local e remota ou com componentes críticos concentrados,"Interrupção do Wi-Fi, falha de autenticação e impacto no acesso à rede interna",2-Baixa,5-Muito Alto,"Projetar controladoras e NAC em alta disponibilidade, preferencialmente em datacenters distintos","Redirecionar serviços para controladora secundária, acionar suporte e restaurar redundância",Equipe de rede,High-availability failure of controllers or NAC,Deployment without local and remote redundancy or with concentrated critical components,"Wi-Fi outage, authentication failure and impact on access to the internal network","Design controllers and NAC in high availability, preferably in separate data centers","Redirect services to the secondary controller, call support and restore redundancy",Network team,high availability;controller;wifi;nac;data center;redundancy
R047,Componentes de rede incompatíveis com parque existente,solucao,aquisicao,switch;transceiver;cabo;power injection;compatibilidade;cisco,"Aquisição de componentes sem compatibilidade técnica com switches, access points ou controladoras existentes","Falha de instalação, indisponibilidade de expansão e desperdício de recursos",3-Média,4-Alto,"Especificar part numbers, padrões IEEE, modelos compatíveis e requisitos de homologação",Substituir componentes incompatíveis e ajustar configuração da rede,Equipe de rede,Network components incompatible with the existing installed base,"Purchase of components without technical compatibility with existing switches, access points or controllers","Installation failure, inability to expand and waste of resources","Specify part numbers, IEEE standards, compatible models and homologation requirements",Replace incompatible components and adjust the network configuration,Network team,switch;transceiver;cable;power injector;compatibility;cisco
R048,Ausência de garantia e suporte para ativos de rede,gestao,aquisicao;servico,garantia;suporte;rede;switch;nac;access point,Encerramento de contrato de garantia ou contratação sem cobertura adequada para ciclo de vida dos ativos,"Risco operacional nas unidades, maior tempo de indisponibilidade e aumento de manutenção corretiva",2-Baixa,5-Muito Alto,Contratar garantia e suporte por período compatível com o ciclo de vida dos ativos,"Acionar suporte alternativo, priorizar reposição de componentes e planejar nova contratação",Equipe de rede,No warranty or support for network assets,End of the warranty contract or procurement without adequate coverage for the assets' life cycle,"Operational risk at the sites, longer downtime and more corrective maintenance",Contract warranty and support for a period compatible with the assets' life cycle,"Call alternative support, prioritize component replacement and plan a new procurement",Network team,warranty;support;network;switch;nac;access point
R049,Capacitação insuficiente para operação da solução de rede,gestao,aquisicao;servico,capacitacao;operacao;rede;lan;wifi;nac,Modelo de aquisição sem serviço de operação e equipe interna não capacitada para administrar a solução,"Erros de operação, maior dependência de suporte externo e indisponibilidade de serviços de rede",3-Média,4-Alto,"Incluir capacitação técnica para LAN, Wi-Fi e NAC no escopo da contratação",Acionar suporte especializado e realizar treinamento emergencial da equipe interna,Equipe de rede,Insufficient training to operate the network solution,Procurement model without an operation service and an internal team not trained to manage the solution,"Operating errors, greater dependence on external support and unavailability of network services","Include technical training on LAN, Wi-Fi and NAC in the procurement scope",Call specialized support and provide emergency training for the internal team,Network team,training;operation;network;lan;wifi;nac
R050,Power injections insuficientes ou incompatíveis com access points,instalacao,aquisicao,power injection;access point;poe;wifi;instalacao,Quantidade de injetores PoE inferior aos access points ou incompatibilidade elétrica/técnica,Access points sem funcionamento e falha na expansão da rede sem fio,3-Média,4-Alto,Dimensionar um power injection por access point e especificar compatibilidade PoE,"Remanejar injetores disponíveis, adquirir complemento ou ajustar arquitetura de alimentação",Equipe de rede,Power injectors insufficient or incompatible with access points,Fewer PoE injectors than access points or electrical/technical incompatibility,Access points not working and failure to expand the wireless network,Size one power injector per access point and specify PoE compatibility,"Reallocate available injectors, purchase additional units or adjust the power architecture",Network team,power injector;access point;poe;wifi;installation
R051,Transceivers ou cabos de empilhamento inadequados,instalacao,aquisicao,transceiver;cabo de empilhamento;switch;fibra;utp;stack,"Especificação incorreta de padrão, comprimento, velocidade ou compatibilidade dos componentes","Falha de interligação, degradação de desempenho e atraso na ativação da rede",3-Média,4-Alto,"Especificar modelos, padrões IEEE, velocidade, meio físico e comprimento mínimo compatível",Substituir componentes inadequados e executar testes de conectividade antes da entrada em produção,Equipe de rede,Inadequate transceivers or stacking cables,"Incorrect specification of the components' standard, length, speed or compatibility","Interconnection failure, performance degradation and delay in activating the network","Specify models, IEEE standards, speed, physical medium and a compatible minimum length",Replace inadequate components and run connectivity tests before going into production,Network team,transceiver;stacking cable;switch;fiber;utp;stack
R052,Adoção de tecnologia imatura,planejamento,aquisicao;servico;software,tecnologia imatura;gartner;mercado;solucao;treinamento,"Escolha de solução com baixa base instalada, poucos fornecedores ou maturidade técnica insuficiente","Dificuldade de implantação, descontinuidade e não funcionamento conforme pretendido",2-Baixa,4-Alto,"Verificar maturidade de mercado, base instalada, referências independentes e necessidade de treinamento","Treinar equipe interna, revisar arquitetura e avaliar substituição da solução",Equipe de planejamento,Adoption of immature technology,"Choice of a solution with a small installed base, few suppliers or insufficient technical maturity","Deployment difficulties, discontinuity and failure to work as intended","Check market maturity, installed base, independent references and training needs","Train the internal team, review the architecture and assess replacing the solution",Planning team,immature technology;gartner;market;solution;training
R053,Dependência excessiva de ecossistema tecnológico específico,gestao,software;servico,microsoft;vendor lock-in;dependencia;padronizacao;licenciamento,"Concentração de produtividade, colaboração, segurança e automação em um único ecossistema de fornecedor","Baixa flexibilidade de substituição, custos de migração e dependência de condições comerciais do fabricante",3-Média,4-Alto,"Documentar justificativa de padronização, estratégia de transição e requisitos de interoperabilidade","Planejar migração gradual, exportação de dados e alternativas de continuidade",Equipe de planejamento,Excessive dependence on a specific technology ecosystem,"Concentration of productivity, collaboration, security and automation in a single vendor ecosystem","Little flexibility to switch, migration costs and dependence on the manufacturer's commercial terms","Document the standardization rationale, transition strategy and interoperability requirements","Plan a gradual migration, data export and continuity alternatives",Planning team,microsoft;vendor lock-in;dependence;standardization;licensing
R054,Uso inadequado ou excedente de licenças de software,gestao,software;servico,licenciamento;compliance;gestao de ativos;software;subscricao,"Monitoramento insuficiente de licenças, alocação inadequada por perfil ou ausência de gestão de ativos","Desperdício financeiro, não conformidade contratual e risco de auditoria de licenciamento",3-Média,4-Alto,"Implantar gestão de ativos de software, monitoramento periódico e alocação por perfil de usuário","Readequar licenças, recolher subscrições ociosas e corrigir não conformidades",Gestão de ativos de software,Improper or excess use of software licenses,"Insufficient license monitoring, inadequate allocation by profile or no asset management","Financial waste, contractual non-compliance and risk of a licensing audit","Implement software asset management, periodic monitoring and allocation by user profile","Readjust licenses, reclaim idle subscriptions and correct non-compliance",Software asset management,licensing;compliance;asset management;software;subscription
R055,Baixa adoção das soluções contratadas pelos usuários,gestao,software;servico,adocao;capacitacao;copilot;microsoft 365;mudanca organizacional,"Usuários não treinados, comunicação insuficiente ou resistência à mudança",Baixa efetividade da contratação e não realização dos benefícios de produtividade esperados,3-Média,3-Médio,"Prever apoio à adoção, capacitação, comunicação e acompanhamento de uso das soluções","Executar plano de engajamento, reforçar treinamentos e revisar perfis de acesso",Área demandante e equipe técnica,Low user adoption of the contracted solutions,"Untrained users, insufficient communication or resistance to change",Low effectiveness of the procurement and failure to realize the expected productivity benefits,"Plan adoption support, training, communication and monitoring of solution use","Run an engagement plan, reinforce training and review access profiles",Requesting unit and technical team,adoption;training;copilot;microsoft 365;organizational change
R056,Complexidade de integração de sistemas subestimada,solucao,software;servico,integracao;api;sistemas legados;middleware;dados,"Quantidade de sistemas, volume de dados ou complexidade técnica maior que a estimada","Atraso em integrações, consumo excessivo de horas técnicas e falhas de interoperabilidade",3-Média,4-Alto,"Dimensionar horas por quantidade de sistemas, complexidade, volume de dados e unidades atendidas","Repriorizar integrações, abrir ordem de serviço complementar e ajustar cronograma técnico",Equipe técnica,Underestimated system integration complexity,"Number of systems, data volume or technical complexity greater than estimated","Delayed integrations, excessive use of technical hours and interoperability failures","Size hours by number of systems, complexity, data volume and units served","Reprioritize integrations, open a complementary work order and adjust the technical schedule",Technical team,integration;api;legacy systems;middleware;data
R057,Automações corporativas mal dimensionadas,solucao,software;servico,automacao;scripts;macros;power automate;processos,"Número de processos, complexidade de scripts ou rodadas de ajuste subestimados","Automação incompleta, retrabalho e baixa eficiência operacional",3-Média,3-Médio,"Estimar horas por processo, complexidade, setores atendidos e rodadas de ajuste","Revisar escopo das automações, priorizar fluxos críticos e contratar apoio especializado adicional",Equipe técnica,Poorly sized corporate automations,"Underestimated number of processes, script complexity or adjustment rounds","Incomplete automation, rework and low operational efficiency","Estimate hours by process, complexity, departments served and adjustment rounds","Review the scope of the automations, prioritize critical flows and contract additional specialized support",Technical team,automation;scripts;macros;power automate;processes
R058,Compliance de licenciamento insuficiente,gestao,software;servico,compliance;licencas;auditoria;software asset management;monitoramento,Controle de conformidade insuficiente ou frequência de monitoramento inadequada,"Uso irregular de software, exposição a auditorias e custos de regularização",2-Baixa,4-Alto,Definir rotina de monitoramento de compliance e inventário de licenças,"Regularizar licenças, bloquear uso indevido e documentar plano de correção",Gestão de ativos de software,Insufficient licensing compliance,Insufficient compliance control or inadequate monitoring frequency,"Irregular software use, exposure to audits and regularization costs",Define a compliance monitoring routine and a license inventory,"Regularize licenses, block improper use and document a corrective plan",Software asset management,compliance;licenses;audit;software asset management;monitoring
R059,Exposição de dados sensíveis em ferramentas de colaboração ou IA,solucao,software;servico,copilot;ia;dados sensiveis;privacidade;lgpd;seguranca,"Configurações inadequadas de acesso, permissões excessivas ou uso de agentes sobre dados organizacionais sensíveis","Vazamento, acesso indevido ou uso inadequado de informações corporativas",3-Média,5-Muito Alto,"Definir políticas de acesso, DLP, classificação da informação e governança para uso de IA e colaboração","Revogar acessos, acionar resposta a incidente e revisar permissões e políticas",Segurança da informação,Exposure of sensitive data in collaboration or AI tools,"Inadequate access settings, excessive permissions or use of agents on sensitive organizational data","Leakage, unauthorized access or improper use of corporate information","Define access policies, DLP, information classification and governance for AI and collaboration use","Revoke access, trigger incident response and review permissions and policies",Information security team,copilot;ai;sensitive data;privacy;lgpd;security
R060,Subscrição base incompatível ou indisponível para uso de add-ons,solucao,software;servico,copilot;add-on;subscricao base;microsoft 365;licenca,Aquisição de add-ons sem disponibilidade ou compatibilidade de subscrições base necessárias,Impossibilidade de ativar funcionalidades contratadas e desperdício de recursos,2-Baixa,4-Alto,Validar previamente requisitos de licenciamento base e compatibilidade dos planos existentes,Readequar alocação de licenças base ou adquirir subscrições compatíveis,DETC,Base subscription incompatible or unavailable for add-ons,Purchase of add-ons without availability or compatibility of the required base subscriptions,Inability to activate contracted features and waste of resources,Validate base licensing requirements and compatibility with existing plans beforehand,Readjust the allocation of base licenses or purchase compatible subscriptions,DETC,copilot;add-on;base subscription;microsoft 365;license
R061,Créditos do Copilot Studio insuficientes ou superestimados,planejamento,software;servico,copilot studio;creditos;consumo;volumetria;agentes,Estimativa de créditos baseada em demanda incompleta ou sem monitoramento histórico de consumo,Limitação de uso dos agentes ou contratação de créditos acima da necessidade,3-Média,3-Médio,"Dimensionar créditos com base em casos de uso, usuários previstos e métricas de consumo","Rebalancear consumo, limitar casos não críticos ou contratar créditos adicionais",DETC,Insufficient or overestimated Copilot Studio credits,Credit estimate based on incomplete demand or without historical consumption monitoring,Limited use of agents or purchase of more credits than needed,"Size credits based on use cases, expected users and consumption metrics","Rebalance consumption, limit non-critical cases or purchase additional credits",DETC,copilot studio;credits;consumption;volume;agents
R062,Perda de produtividade por descontinuidade de ferramentas corporativas,solucao,software;servico,microsoft 365;office;teams;onedrive;descontinuidade;produtividade,Encerramento ou interrupção de subscrições utilizadas em processos administrativos e colaborativos,"Perda de produtividade, retrabalho, migração forçada e interrupção de processos críticos",2-Baixa,5-Muito Alto,Planejar renovação ou nova contratação antes do encerramento das subscrições vigentes,"Acionar plano de continuidade, priorizar usuários críticos e manter solução vigente até transição",DETC,Productivity loss due to discontinued corporate tools,Termination or interruption of subscriptions used in administrative and collaborative processes,"Lost productivity, rework, forced migration and interruption of critical processes",Plan the renewal or a new procurement before the current subscriptions end,"Trigger the continuity plan, prioritize critical users and keep the current solution until the transition",DETC,microsoft 365;office;teams;onedrive;discontinuity;productivity
